name,issuer_ca_id,issuer_name,not_before,not_after,entry_timestamp
*.dm12388.com,295810,"C=US, O=Let's Encrypt, CN=E5",2025-08-11T18:45:05,2025-11-09T18:45:04,2025-08-11T19:43:35.731
*.dm12388.com,295813,"C=US, O=Let's Encrypt, CN=E7",2025-10-16T19:04:20,2026-01-14T19:04:19,2025-10-16T20:02:50.513
*.dm12388.com,295810,"C=US, O=Let's Encrypt, CN=E5",2025-08-11T18:45:05,2025-11-09T18:45:04,2025-08-11T19:43:35.963
*.dm12388.com,295813,"C=US, O=Let's Encrypt, CN=E7",2025-10-16T19:04:20,2026-01-14T19:04:19,2025-10-16T20:02:50.264
*.dm12388.com,286236,"C=US, O=Google Trust Services, CN=WE1",2025-08-11T18:43:52,2025-11-09T19:41:23,2025-08-11T19:43:53.419
*.dm12388.com,286236,"C=US, O=Google Trust Services, CN=WE1",2025-10-09T20:22:06,2026-01-07T21:19:57,2025-10-09T22:32:52.01
*.dm12388.com,286236,"C=US, O=Google Trust Services, CN=WE1",2025-10-09T20:22:06,2026-01-07T21:19:57,2025-10-09T21:22:06.872
a.dm12388.com,295816,"C=US, O=Let's Encrypt, CN=R12",2025-10-20T17:33:55,2026-01-18T17:33:54,2025-10-20T18:32:26.403
a.dm12388.com,295816,"C=US, O=Let's Encrypt, CN=R12",2025-10-20T17:33:55,2026-01-18T17:33:54,2025-10-20T18:32:26.099
admin.dm12388.com,295814,"C=US, O=Let's Encrypt, CN=R10",2025-08-12T07:14:12,2025-11-10T07:14:11,2025-08-12T08:12:42.813
admin.dm12388.com,295814,"C=US, O=Let's Encrypt, CN=R10",2025-08-12T07:14:12,2025-11-10T07:14:11,2025-08-12T08:12:45.089
dm12388.com,295815,"C=US, O=Let's Encrypt, CN=R11",2025-07-30T23:05:03,2025-10-28T23:05:02,2025-07-31T00:03:34.566
dm12388.com,295814,"C=US, O=Let's Encrypt, CN=R10",2025-08-12T07:14:12,2025-11-10T07:14:11,2025-08-12T08:12:42.813
dm12388.com,286236,"C=US, O=Google Trust Services, CN=WE1",2025-10-09T20:22:06,2026-01-07T21:19:57,2025-10-09T21:22:06.872
dm12388.com,295815,"C=US, O=Let's Encrypt, CN=R11",2025-08-12T06:15:29,2025-11-10T06:15:28,2025-08-12T07:14:01.858
dm12388.com,295815,"C=US, O=Let's Encrypt, CN=R11",2025-08-12T06:15:29,2025-11-10T06:15:28,2025-08-12T07:13:59.777
dm12388.com,286236,"C=US, O=Google Trust Services, CN=WE1",2025-08-11T18:43:52,2025-11-09T19:41:23,2025-08-11T19:43:53.419
dm12388.com,286236,"C=US, O=Google Trust Services, CN=WE1",2025-10-09T20:22:06,2026-01-07T21:19:57,2025-10-09T22:32:52.01
dm12388.com,295810,"C=US, O=Let's Encrypt, CN=E5",2025-08-11T18:45:05,2025-11-09T18:45:04,2025-08-11T19:43:35.963
dm12388.com,295813,"C=US, O=Let's Encrypt, CN=E7",2025-10-16T19:04:20,2026-01-14T19:04:19,2025-10-16T20:02:50.264
dm12388.com,295810,"C=US, O=Let's Encrypt, CN=E5",2025-08-11T18:45:05,2025-11-09T18:45:04,2025-08-11T19:43:35.731
dm12388.com,295813,"C=US, O=Let's Encrypt, CN=E7",2025-10-16T19:04:20,2026-01-14T19:04:19,2025-10-16T20:02:50.513
dm12388.com,295814,"C=US, O=Let's Encrypt, CN=R10",2025-08-12T07:14:12,2025-11-10T07:14:11,2025-08-12T08:12:45.089
dm12388.com,295815,"C=US, O=Let's Encrypt, CN=R11",2025-07-30T23:05:03,2025-10-28T23:05:02,2025-07-31T00:03:34.022
